<?xml version="1.0" encoding="UTF-8"?>
<index>
    <!--配置-->
    <CurrentUser>111</CurrentUser>
    <HeadImage>qrc:/head/head.jpg</HeadImage>
    <FileOpenUrl></FileOpenUrl>
    <SkinIndex>3</SkinIndex>
    <BubbleIndex>0</BubbleIndex>
    <SkinOpacity>1.0</SkinOpacity>
    <FriendHeadDir>file:///C:/Users/xingkong/Desktop/BITchat/wechat_v5/build-BITCHAT-Desktop_Qt_5_12_8_MinGW_32_bit-Debug/debug/friend//</FriendHeadDir>
    <HeadImageSmall>qrc:/head/head_small.jpg</HeadImageSmall>
    <ScreenCenterX></ScreenCenterX>
    <ScreenCenterY></ScreenCenterY>
    <!--配置完成-->
</index>
